Devices,Lane,PercentageCar,AverageDistance,TimeOccupy,Traffic,Speed,Time
171170317010013,11,27,605,0,11.5,76.8695652173913,2019-07-02 23:22:22
171170317010013,12,12,523,1,22.0,54.54545454545455,2019-07-02 23:22:22
171170317010013,31,27,490,11,11.0,26.0,2019-07-02 23:22:22
171170317010013,32,50,188,6,22.0,43.09090909090909,2019-07-02 23:22:22
171170317010013,11,56,394,0,16.0,78.1875,2019-07-02 23:22:21
171170317010013,12,33,496,1,21.0,59.523809523809526,2019-07-02 23:22:21
171170317010013,31,12,734,13,8.0,34.0,2019-07-02 23:22:21
171170317010013,32,41,282,4,13.0,37.384615384615394,2019-07-02 23:22:21
171170317010013,11,18,511,0,11.0,80.18181818181819,2019-07-02 23:22:20
171170317010013,12,9,566,0,12.5,68.08,2019-07-02 23:22:20
171170317010013,31,12,444,11,8.0,32.0,2019-07-02 23:22:20
171170317010013,32,0,417,0,9.5,31.947368421052627,2019-07-02 23:22:20
171170317010013,12,33,442,0,17.5,66.94285714285714,2019-07-02 23:22:20
171170317010013,11,33,376,0,15.0,77.0,2019-07-02 23:22:20
171170317010013,31,9,486,13,11.0,36.0,2019-07-02 23:22:20
171170317010013,32,20,279,0,10.0,32.0,2019-07-02 23:22:20
171170317010013,11,25,366,0,16.0,79.0,2019-07-02 23:22:19
171170317010013,12,22,660,0,11.0,67.36363636363636,2019-07-02 23:22:19
171170317010013,31,16,461,2,6.0,35.0,2019-07-02 23:22:19
171170317010013,32,16,317,2,12.0,32.666666666666664,2019-07-02 23:22:19
171170317010013,11,50,348,0,17.0,79.0,2019-07-02 23:22:18
171170317010013,12,33,349,1,19.0,63.842105263157904,2019-07-02 23:22:18
171170317010013,31,20,493,10,10.0,49.2,2019-07-02 23:22:18
171170317010013,32,20,305,0,16.5,35.06060606060606,2019-07-02 23:22:18
171170317010013,11,50,457,0,16.0,84.0,2019-07-02 23:22:17
171170317010013,12,20,544,0,13.5,67.18518518518519,2019-07-02 23:22:17
171170317010013,31,12,485,4,8.0,35.25,2019-07-02 23:22:17
171170317010013,32,25,339,2,19.0,33.78947368421053,2019-07-02 23:22:17
171170317010013,11,33,435,0,12.0,77.0,2019-07-02 23:22:16
171170317010013,12,27,449,1,22.0,61.40909090909091,2019-07-02 23:22:16
171170317010013,32,9,286,0,12.0,45.75,2019-07-02 23:22:16
171170317010013,31,12,539,4,8.0,39.0,2019-07-02 23:22:16
171170317010013,11,46,359,2,13.0,81.0,2019-07-02 23:22:15
171170317010013,12,22,653,0,12.5,64.04,2019-07-02 23:22:15
171170317010013,31,50,476,3,6.0,45.83333333333334,2019-07-02 23:22:15
171170317010013,32,46,192,0,16.0,34.875,2019-07-02 23:22:15
171170317010013,11,36,317,0,22.0,81.0,2019-07-02 23:22:14
171170317010013,12,45,482,1,23.5,60.21276595744681,2019-07-02 23:22:14
171170317010013,31,0,898,6,5.0,33.0,2019-07-02 23:22:14
171170317010013,32,15,241,0,13.5,36.22222222222222,2019-07-02 23:22:14
171170317010013,11,27,360,0,18.0,80.0,2019-07-02 23:22:14
171170317010013,12,50,392,0,15.5,69.6774193548387,2019-07-02 23:22:14
171170317010013,31,11,612,3,9.0,33.333333333333336,2019-07-02 23:22:14
171170317010013,32,22,482,1,16.5,44.57575757575758,2019-07-02 23:22:14
171170317010013,11,21,452,0,14.5,79.3793103448276,2019-07-02 23:22:13
171170317010013,12,29,301,1,31.0,60.451612903225815,2019-07-02 23:22:13
171170317010013,31,0,1000,1,3.0,41.0,2019-07-02 23:22:13
171170317010013,32,22,297,0,9.0,33.0,2019-07-02 23:22:13
171170317010013,11,45,315,2,23.0,77.30434782608695,2019-07-02 23:22:12
171170317010013,12,21,364,1,23.0,63.1304347826087,2019-07-02 23:22:12
171170317010013,31,16,514,8,12.0,30.25,2019-07-02 23:22:12
171170317010013,32,45,132,3,23.0,33.82608695652174,2019-07-02 23:22:12
171170317010013,11,23,455,0,14.0,78.64285714285714,2019-07-02 23:22:11
171170317010013,12,18,362,1,24.5,67.0,2019-07-02 23:22:11
171170317010013,31,20,512,7,10.0,32.2,2019-07-02 23:22:11
171170317010013,32,28,212,4,15.0,38.0,2019-07-02 23:22:11
171170317010013,11,47,362,0,19.0,71.3157894736842,2019-07-02 23:22:10
171170317010013,12,20,508,1,16.0,62.0,2019-07-02 23:22:10
171170317010013,31,22,642,3,12.0,22.08333333333333,2019-07-02 23:22:10
171170317010013,32,20,315,0,11.0,46.45454545454545,2019-07-02 23:22:10
171170317010013,11,30,503,0,13.0,79.07692307692308,2019-07-02 23:22:09
171170317010013,12,33,302,1,22.0,57.45454545454545,2019-07-02 23:22:09
171170317010013,31,33,266,0,9.0,34.44444444444444,2019-07-02 23:22:09
171170317010013,32,37,192,2,16.5,40.48484848484848,2019-07-02 23:22:09
171170317010013,12,25,405,1,23.0,66.73913043478261,2019-07-02 23:22:08
171170317010013,11,35,447,0,14.0,79.0,2019-07-02 23:22:08
171170317010013,31,30,187,4,13.0,32.30769230769231,2019-07-02 23:22:08
171170317010013,32,9,254,3,11.0,31.0,2019-07-02 23:22:08
171170317010013,11,30,627,0,10.0,82.0,2019-07-02 23:22:07
171170317010013,12,37,348,1,20.5,73.53658536585365,2019-07-02 23:22:07
171170317010013,31,10,469,5,10.5,33.714285714285715,2019-07-02 23:22:07
171170317010013,32,33,271,1,19.0,36.76315789473684,2019-07-02 23:22:07
171170317010013,11,35,407,0,14.0,78.21428571428571,2019-07-02 23:22:07
171170317010013,12,21,357,1,25.0,54.96,2019-07-02 23:22:07
171170317010013,32,28,307,0,17.5,37.22857142857143,2019-07-02 23:22:07
171170317010013,31,0,443,2,10.0,32.0,2019-07-02 23:22:07
171170317010013,11,47,324,0,18.0,75.0,2019-07-02 23:22:06
171170317010013,12,35,352,1,23.0,63.04347826086956,2019-07-02 23:22:06
171170317010013,31,0,837,3,6.0,34.5,2019-07-02 23:22:06
171170317010013,32,31,175,2,19.5,35.128205128205124,2019-07-02 23:22:06
171170317010013,11,27,367,0,18.5,81.67567567567569,2019-07-02 23:22:05
171170317010013,12,50,313,1,23.0,66.6086956521739,2019-07-02 23:22:05
171170317010013,31,31,293,4,16.0,35.1875,2019-07-02 23:22:05
171170317010013,32,31,294,5,21.5,34.93023255813954,2019-07-02 23:22:05
171170317010013,11,26,389,0,15.0,78.0,2019-07-02 23:22:04
171170317010013,31,33,675,0,3.0,34.666666666666664,2019-07-02 23:22:04
171170317010013,12,26,357,0,18.5,71.72972972972974,2019-07-02 23:22:04
171170317010013,32,11,309,2,12.0,33.333333333333336,2019-07-02 23:22:04
171170317010013,11,40,389,0,15.0,78.0,2019-07-02 23:22:03
171170317010013,12,23,416,0,16.5,68.36363636363636,2019-07-02 23:22:03
171170317010013,31,10,616,3,10.0,32.0,2019-07-02 23:22:03
171170317010013,32,33,304,0,6.0,30.33333333333333,2019-07-02 23:22:03
171170317010013,11,57,312,0,19.0,77.6842105263158,2019-07-02 23:22:02
171170317010013,12,0,376,1,26.5,56.0,2019-07-02 23:22:02
171170317010013,32,33,256,0,15.0,36.266666666666666,2019-07-02 23:22:02
171170317010013,31,41,333,4,17.0,34.823529411764696,2019-07-02 23:22:02
171170317010013,12,8,472,1,24.5,64.04081632653062,2019-07-02 23:22:01
171170317010013,11,20,543,0,10.0,79.0,2019-07-02 23:22:01
171170317010013,31,25,409,4,16.0,31.25,2019-07-02 23:22:01
171170317010013,32,50,185,4,21.0,39.952380952380956,2019-07-02 23:22:01
171170317010013,11,50,365,0,16.0,83.0,2019-07-02 23:22:00
171170317010013,12,21,442,1,23.0,62.89130434782609,2019-07-02 23:22:00
171170317010013,31,14,468,1,7.0,28.714285714285715,2019-07-02 23:22:00
171170317010013,32,25,239,0,15.0,31.33333333333333,2019-07-02 23:22:00
171170317010013,11,18,675,0,11.0,81.0,2019-07-02 23:22:00
171170317010013,12,28,347,2,35.5,63.59154929577465,2019-07-02 23:22:00
171170317010013,31,10,535,2,10.0,33.7,2019-07-02 23:22:00
171170317010013,32,8,247,0,12.0,33.166666666666664,2019-07-02 23:22:00
171170317010013,11,31,404,0,16.0,81.0,2019-07-02 23:21:59
171170317010013,31,0,1000,0,1.0,27.0,2019-07-02 23:21:59
171170317010013,12,28,407,1,20.5,67.26829268292683,2019-07-02 23:21:59
171170317010013,32,11,503,1,9.0,36.0,2019-07-02 23:21:59
171170317010013,11,47,376,0,20.0,75.0,2019-07-02 23:21:58
171170317010013,12,33,353,1,22.0,62.45454545454545,2019-07-02 23:21:58
171170317010013,31,26,535,4,15.0,30.2,2019-07-02 23:21:58
171170317010013,32,56,129,6,26.5,36.22641509433962,2019-07-02 23:21:58
171170317010013,11,41,346,0,17.5,75.42857142857143,2019-07-02 23:21:57
171170317010013,12,16,540,0,12.5,73.04,2019-07-02 23:21:57
171170317010013,32,21,193,1,20.5,35.53658536585366,2019-07-02 23:21:57
171170317010013,31,0,537,4,7.0,32.714285714285715,2019-07-02 23:21:57
171170317010013,11,53,384,0,15.0,77.0,2019-07-02 23:21:56
171170317010013,12,27,397,0,11.5,66.8695652173913,2019-07-02 23:21:56
171170317010013,31,0,960,1,3.0,56.0,2019-07-02 23:21:56
171170317010013,32,16,256,0,13.0,46.46153846153846,2019-07-02 23:21:56
171170317010013,11,27,340,0,18.5,76.75675675675676,2019-07-02 23:21:55
171170317010013,12,9,409,1,23.0,60.47826086956522,2019-07-02 23:21:55
171170317010013,31,10,672,8,13.0,27.84615384615385,2019-07-02 23:21:55
171170317010013,32,12,482,0,9.0,48.0,2019-07-02 23:21:55
171170317010013,11,29,375,0,17.0,73.05882352941177,2019-07-02 23:21:55
171170317010013,12,8,403,2,24.5,53.51020408163265,2019-07-02 23:21:55
171170317010013,31,0,751,0,4.0,31.0,2019-07-02 23:21:55
171170317010013,32,42,207,2,18.0,35.888888888888886,2019-07-02 23:21:55
171170317010013,11,29,372,2,17.0,80.0,2019-07-02 23:21:54
171170317010013,12,41,362,1,20.0,71.05,2019-07-02 23:21:54
171170317010013,31,0,716,2,7.0,44.0,2019-07-02 23:21:54
171170317010013,32,0,450,3,11.5,42.56521739130435,2019-07-02 23:21:54
171170317010013,11,23,447,0,13.0,74.0,2019-07-02 23:21:53
171170317010013,31,12,697,5,8.0,41.0,2019-07-02 23:21:53
171170317010013,12,23,382,1,26.0,64.67307692307692,2019-07-02 23:21:53
171170317010013,32,43,281,5,23.0,35.71739130434783,2019-07-02 23:21:53
171170317010013,11,60,334,0,15.0,73.0,2019-07-02 23:21:52
171170317010013,12,7,433,0,14.5,68.65517241379311,2019-07-02 23:21:52
171170317010013,31,25,508,3,4.0,31.75,2019-07-02 23:21:52
171170317010013,32,28,190,0,14.5,35.10344827586207,2019-07-02 23:21:52
171170317010013,11,31,335,1,19.0,64.94736842105263,2019-07-02 23:21:51
171170317010013,12,9,432,1,21.0,59.92857142857143,2019-07-02 23:21:51
171170317010013,31,25,428,5,6.0,49.5,2019-07-02 23:21:51
171170317010013,32,45,179,4,23.5,31.659574468085108,2019-07-02 23:21:51
171170317010013,11,42,256,1,24.5,69.55102040816327,2019-07-02 23:21:51
171170317010013,12,26,322,1,24.5,60.897959183673464,2019-07-02 23:21:51
171170317010013,32,33,232,3,12.0,34.166666666666664,2019-07-02 23:21:51
171170317010013,31,25,764,1,4.0,31.0,2019-07-02 23:21:51
171170317010013,11,20,533,0,10.0,67.0,2019-07-02 23:21:50
171170317010013,12,0,460,0,11.5,61.0,2019-07-02 23:21:50
171170317010013,31,55,146,4,18.0,27.0,2019-07-02 23:21:50
171170317010013,32,45,188,3,30.0,33.5,2019-07-02 23:21:50
171170317010013,12,30,364,0,16.0,64.5,2019-07-02 23:21:49
171170317010013,11,33,398,0,15.0,72.0,2019-07-02 23:21:49
171170317010013,31,0,628,1,5.0,53.0,2019-07-02 23:21:49
171170317010013,32,45,95,3,27.0,29.11111111111111,2019-07-02 23:21:49
171170317010013,11,52,298,0,19.0,78.0,2019-07-02 23:21:48
171170317010013,31,20,769,2,8.0,36.0,2019-07-02 23:21:48
171170317010013,12,29,320,1,21.5,69.34883720930233,2019-07-02 23:21:48
171170317010013,32,30,231,1,19.5,33.769230769230774,2019-07-02 23:21:48
171170317010013,11,44,325,0,18.0,77.0,2019-07-02 23:21:47
171170317010013,12,28,403,1,23.5,65.74468085106382,2019-07-02 23:21:47
171170317010013,31,16,785,0,6.0,63.33333333333334,2019-07-02 23:21:47
171170317010013,32,20,234,0,13.0,27.69230769230769,2019-07-02 23:21:47
171170317010013,11,65,260,1,26.5,71.16981132075472,2019-07-02 23:21:47
171170317010013,12,7,487,2,31.5,59.23809523809525,2019-07-02 23:21:47
171170317010013,31,0,659,5,7.0,51.0,2019-07-02 23:21:47
171170317010013,32,47,169,7,17.5,37.285714285714285,2019-07-02 23:21:47
171170317010013,12,38,456,0,13.0,68.38461538461539,2019-07-02 23:21:46
171170317010013,11,29,387,0,17.0,77.0,2019-07-02 23:21:46
171170317010013,31,0,993,1,3.0,32.0,2019-07-02 23:21:46
171170317010013,32,41,124,4,27.5,34.2,2019-07-02 23:21:46
171170317010013,11,33,424,0,15.0,79.0,2019-07-02 23:21:45
171170317010013,12,38,318,1,25.0,67.12,2019-07-02 23:21:45
171170317010013,31,0,1000,1,2.0,42.0,2019-07-02 23:21:45
171170317010013,32,31,169,2,17.0,40.70588235294117,2019-07-02 23:21:45
171170317010013,11,47,350,0,17.0,77.0,2019-07-02 23:21:44
171170317010013,12,23,459,1,19.5,62.358974358974365,2019-07-02 23:21:44
171170317010013,31,0,1022,0,4.0,58.0,2019-07-02 23:21:44
171170317010013,32,33,161,4,18.5,37.02702702702703,2019-07-02 23:21:44
171170317010013,11,44,345,0,18.0,77.0,2019-07-02 23:21:43
171170317010013,12,36,374,0,15.0,70.93333333333334,2019-07-02 23:21:43
171170317010013,31,0,788,0,2.0,58.0,2019-07-02 23:21:43
171170317010013,32,33,217,2,16.0,44.75,2019-07-02 23:21:43
171170317010013,11,11,558,0,9.0,77.0,2019-07-02 23:21:43
171170317010013,31,0,895,0,3.0,60.0,2019-07-02 23:21:43
171170317010013,12,16,436,1,16.0,62.8125,2019-07-02 23:21:43
171170317010013,32,35,173,4,18.0,37.75,2019-07-02 23:21:43
171170317010013,11,58,324,0,17.0,80.0,2019-07-02 23:21:42
171170317010013,12,16,552,0,15.5,72.38709677419354,2019-07-02 23:21:42
171170317010013,31,0,511,0,5.0,31.0,2019-07-02 23:21:42
171170317010013,32,28,256,4,21.0,31.523809523809533,2019-07-02 23:21:42
171170317010013,11,28,642,0,7.0,80.0,2019-07-02 23:21:41
171170317010013,12,16,440,0,15.5,64.29032258064517,2019-07-02 23:21:41
171170317010013,31,0,673,0,6.0,35.333333333333336,2019-07-02 23:21:41
171170317010013,32,27,384,7,19.0,44.21052631578947,2019-07-02 23:21:41
171170317010013,11,31,441,0,19.0,73.42105263157895,2019-07-02 23:21:40
171170317010013,12,18,500,1,18.5,61.567567567567565,2019-07-02 23:21:40
171170317010013,32,54,131,2,33.5,33.73134328358209,2019-07-02 23:21:40
171170317010013,31,36,472,5,11.0,33.0,2019-07-02 23:21:40
171170317010013,11,48,219,1,25.0,74.0,2019-07-02 23:21:39
171170317010013,12,35,382,1,22.5,64.48888888888891,2019-07-02 23:21:39
171170317010013,31,12,705,3,11.0,34.81818181818182,2019-07-02 23:21:39
171170317010013,32,41,156,2,17.0,34.70588235294117,2019-07-02 23:21:39
171170317010013,11,70,249,0,20.0,75.0,2019-07-02 23:21:38
171170317010013,12,29,386,1,24.5,68.0204081632653,2019-07-02 23:21:38
171170317010013,32,47,165,6,23.5,35.57446808510638,2019-07-02 23:21:38
171170317010013,31,42,530,8,14.0,30.785714285714285,2019-07-02 23:21:38
171170317010013,11,27,386,0,18.0,77.0,2019-07-02 23:21:38
171170317010013,12,30,341,0,13.0,71.30769230769229,2019-07-02 23:21:38
171170317010013,31,10,577,3,10.0,37.8,2019-07-02 23:21:38
171170317010013,32,35,203,6,21.5,39.04651162790697,2019-07-02 23:21:38
171170317010013,12,25,452,0,15.5,66.90322580645162,2019-07-02 23:21:37
171170317010013,11,43,360,0,19.5,65.30769230769229,2019-07-02 23:21:37
171170317010013,31,18,497,2,11.0,29.0,2019-07-02 23:21:37
171170317010013,32,56,208,8,32.0,36.53125,2019-07-02 23:21:37
171170317010013,12,15,404,0,17.0,62.58823529411765,2019-07-02 23:21:36
171170317010013,11,35,358,2,17.0,78.0,2019-07-02 23:21:36
171170317010013,31,16,481,3,6.0,36.0,2019-07-02 23:21:36
171170317010013,32,52,98,4,25.0,33.12,2019-07-02 23:21:36
171170317010013,11,45,267,1,27.0,78.77777777777777,2019-07-02 23:21:35
171170317010013,31,0,702,3,6.5,41.53846153846154,2019-07-02 23:21:35
171170317010013,12,30,454,0,11.0,69.5,2019-07-02 23:21:35
171170317010013,32,46,228,0,14.0,40.92857142857143,2019-07-02 23:21:35
171170317010013,11,28,418,0,14.0,81.0,2019-07-02 23:21:34
171170317010013,12,29,382,0,17.5,72.05714285714286,2019-07-02 23:21:34
171170317010013,31,36,410,5,11.0,35.0,2019-07-02 23:21:34
171170317010013,32,44,227,4,24.5,35.061224489795926,2019-07-02 23:21:34
171170317010013,11,20,438,0,15.0,81.0,2019-07-02 23:21:33
171170317010013,12,30,430,0,12.0,69.16666666666667,2019-07-02 23:21:33
171170317010013,31,31,168,0,16.0,34.0,2019-07-02 23:21:33
171170317010013,32,38,206,4,22.0,39.68181818181818,2019-07-02 23:21:33
171170317010013,11,12,455,0,16.0,80.0,2019-07-02 23:21:33
171170317010013,12,7,445,1,20.0,70.5,2019-07-02 23:21:33
171170317010013,31,21,526,2,14.0,36.714285714285715,2019-07-02 23:21:33
171170317010013,32,25,155,3,23.0,36.06521739130435,2019-07-02 23:21:33
171170317010013,11,37,448,0,16.0,85.0,2019-07-02 23:21:32
171170317010013,12,16,349,2,32.0,62.65625,2019-07-02 23:21:32
171170317010013,31,33,569,6,9.0,24.66666666666667,2019-07-02 23:21:32
171170317010013,32,16,200,3,12.5,34.48,2019-07-02 23:21:32
171170317010013,11,40,381,0,15.0,79.0,2019-07-02 23:21:31
171170317010013,12,25,454,1,18.0,60.88888888888889,2019-07-02 23:21:31
171170317010013,31,12,624,1,8.0,37.0,2019-07-02 23:21:31
171170317010013,32,40,282,7,22.0,34.09090909090909,2019-07-02 23:21:31
171170317010013,11,50,319,0,16.0,82.875,2019-07-02 23:21:30
171170317010013,12,43,342,1,25.0,64.4,2019-07-02 23:21:30
171170317010013,32,0,346,1,11.5,37.60869565217392,2019-07-02 23:21:30
171170317010013,31,25,604,5,8.0,26.5,2019-07-02 23:21:30
171170317010013,11,43,432,1,22.5,78.82222222222222,2019-07-02 23:21:29
171170317010013,12,33,506,0,18.5,67.21621621621621,2019-07-02 23:21:29
171170317010013,31,25,500,7,12.0,32.0,2019-07-02 23:21:29
171170317010013,32,20,422,2,16.5,46.78787878787879,2019-07-02 23:21:29
171170317010013,11,64,333,2,26.5,64.86792452830188,2019-07-02 23:21:28
171170317010013,12,18,601,2,14.5,61.72413793103448,2019-07-02 23:21:28
171170317010013,32,55,363,8,19.5,65.69230769230771,2019-07-02 23:21:28
171170317010013,31,98,20,92,155.5,65.96141479099678,2019-07-02 23:21:28
171170317010013,11,38,451,0,13.0,81.0,2019-07-02 23:21:27
171170317010013,12,16,725,0,6.0,73.0,2019-07-02 23:21:27
171170317010013,31,0,475,2,8.0,45.75,2019-07-02 23:21:27
171170317010013,32,21,218,1,17.5,36.91428571428571,2019-07-02 23:21:27
171170317010013,11,22,593,0,9.0,80.1111111111111,2019-07-02 23:21:26
171170317010013,12,30,589,0,10.5,70.57142857142857,2019-07-02 23:21:26
171170317010013,31,33,433,1,9.0,40.555555555555564,2019-07-02 23:21:26
171170317010013,32,27,341,4,20.0,45.6,2019-07-02 23:21:26
171170317010013,11,28,474,2,14.0,77.0,2019-07-02 23:21:25
171170317010013,12,0,604,0,16.0,67.0,2019-07-02 23:21:25
171170317010013,31,0,496,0,3.0,32.0,2019-07-02 23:21:25
171170317010013,32,14,215,0,18.0,40.861111111111114,2019-07-02 23:21:25
171170317010013,11,40,311,1,23.0,78.34782608695652,2019-07-02 23:21:25
171170317010013,12,31,366,2,27.0,69.0,2019-07-02 23:21:25
171170317010013,32,40,172,5,15.0,31.53333333333333,2019-07-02 23:21:25
171170317010013,31,18,632,4,14.0,34.357142857142854,2019-07-02 23:21:25
171170317010013,11,12,712,0,8.0,81.0,2019-07-02 23:21:24
171170317010013,12,30,420,0,10.0,72.0,2019-07-02 23:21:24
171170317010013,31,33,605,3,6.0,45.83333333333334,2019-07-02 23:21:24
171170317010013,32,26,220,5,31.5,33.79365079365079,2019-07-02 23:21:24
171170317010013,11,18,414,0,11.0,77.0,2019-07-02 23:21:23
171170317010013,12,20,452,0,13.5,74.85185185185185,2019-07-02 23:21:23
171170317010013,31,10,417,4,10.0,33.6,2019-07-02 23:21:23
171170317010013,32,35,223,3,24.0,34.5,2019-07-02 23:21:23
171170317010013,11,36,521,0,11.0,81.0,2019-07-02 23:21:22
171170317010013,12,22,585,0,15.0,65.13333333333334,2019-07-02 23:21:22
171170317010013,31,0,1050,1,3.0,34.333333333333336,2019-07-02 23:21:22
171170317010013,32,12,182,0,16.0,34.6875,2019-07-02 23:21:22
171170317010013,11,16,560,0,12.0,79.0,2019-07-02 23:21:21
171170317010013,12,9,467,1,20.5,62.95121951219512,2019-07-02 23:21:21
171170317010013,31,28,494,3,7.5,38.46666666666667,2019-07-02 23:21:21
171170317010013,32,15,234,0,14.0,41.07142857142857,2019-07-02 23:21:21
171170317010013,11,8,493,0,12.0,77.0,2019-07-02 23:21:20
171170317010013,12,16,467,1,18.5,62.16216216216216,2019-07-02 23:21:20
171170317010013,31,20,805,1,5.0,30.4,2019-07-02 23:21:20
171170317010013,32,18,282,2,11.5,39.95652173913044,2019-07-02 23:21:20
171170317010013,11,28,458,0,16.0,72.25,2019-07-02 23:21:19
171170317010013,12,23,434,0,18.5,68.37837837837836,2019-07-02 23:21:19
171170317010013,31,0,1000,1,3.0,39.0,2019-07-02 23:21:19
171170317010013,32,50,160,0,19.0,33.421052631578945,2019-07-02 23:21:19
171170317010013,11,0,773,0,6.0,77.0,2019-07-02 23:21:19
171170317010013,12,33,455,1,26.5,56.45283018867924,2019-07-02 23:21:19
171170317010013,31,0,806,1,3.0,34.0,2019-07-02 23:21:19
171170317010013,32,20,217,2,19.5,43.256410256410255,2019-07-02 23:21:19
171170317010013,11,14,755,0,7.0,82.0,2019-07-02 23:21:18
171170317010013,12,0,503,0,10.5,66.85714285714286,2019-07-02 23:21:18
171170317010013,31,0,816,6,6.0,41.0,2019-07-02 23:21:18
171170317010013,32,31,228,1,17.5,44.8,2019-07-02 23:21:18
171170317010013,12,25,534,0,12.0,72.91666666666667,2019-07-02 23:21:17
171170317010013,11,29,406,0,17.0,77.0,2019-07-02 23:21:17
171170317010013,31,28,383,6,10.0,31.3,2019-07-02 23:21:17
171170317010013,32,42,218,6,32.0,44.25,2019-07-02 23:21:17
171170317010013,11,30,453,0,10.0,76.0,2019-07-02 23:21:16
171170317010013,12,10,598,0,10.5,74.85714285714286,2019-07-02 23:21:16
171170317010013,31,0,608,0,4.0,34.0,2019-07-02 23:21:16
171170317010013,32,30,306,2,11.0,47.45454545454545,2019-07-02 23:21:16
171170317010013,11,28,471,0,14.0,83.0,2019-07-02 23:21:15
171170317010013,12,14,788,0,8.5,70.11764705882354,2019-07-02 23:21:15
171170317010013,31,0,716,1,4.0,36.25,2019-07-02 23:21:15
171170317010013,32,44,172,0,15.5,34.645161290322584,2019-07-02 23:21:15
171170317010013,11,46,467,0,13.0,75.0,2019-07-02 23:21:15
171170317010013,12,12,543,0,11.5,68.6086956521739,2019-07-02 23:21:15
171170317010013,31,0,951,2,5.0,38.8,2019-07-02 23:21:15
171170317010013,32,33,213,5,31.0,35.58064516129032,2019-07-02 23:21:15
171170317010013,11,33,607,1,3.0,77.0,2019-07-02 23:21:14
171170317010013,12,0,789,1,8.5,64.29411764705883,2019-07-02 23:21:14
171170317010013,31,0,1000,0,1.0,30.0,2019-07-02 23:21:14
171170317010013,32,25,342,2,15.5,37.19354838709677,2019-07-02 23:21:14
171170317010013,11,12,609,0,8.0,74.75,2019-07-02 23:21:13
171170317010013,12,22,609,1,19.5,57.53846153846154,2019-07-02 23:21:13
171170317010013,31,0,817,7,7.0,24.0,2019-07-02 23:21:13
171170317010013,32,11,251,1,21.0,27.619047619047624,2019-07-02 23:21:13
171170317010013,11,25,526,0,8.0,80.0,2019-07-02 23:21:12
171170317010013,12,16,428,1,23.0,61.21739130434783,2019-07-02 23:21:12
171170317010013,32,42,182,2,31.0,43.29032258064516,2019-07-02 23:21:12
171170317010013,31,28,343,5,7.0,22.0,2019-07-02 23:21:12
171170317010013,11,12,691,0,8.0,78.0,2019-07-02 23:21:11
171170317010013,12,20,773,0,5.5,68.63636363636364,2019-07-02 23:21:11
171170317010013,32,10,320,2,11.5,49.0,2019-07-02 23:21:11
171170317010013,31,0,1000,0,1.0,40.0,2019-07-02 23:21:11
171170317010013,11,0,957,0,5.0,84.0,2019-07-02 23:21:11
171170317010013,12,20,499,0,13.5,69.07407407407408,2019-07-02 23:21:11
171170317010013,31,0,850,0,2.0,50.0,2019-07-02 23:21:11
171170317010013,32,27,227,1,20.5,32.365853658536594,2019-07-02 23:21:11
171170317010013,12,38,304,1,20.0,67.775,2019-07-02 23:21:10
171170317010013,11,38,339,0,18.5,77.67567567567569,2019-07-02 23:21:10
171170317010013,31,0,1000,1,1.0,21.0,2019-07-02 23:21:10
171170317010013,32,0,388,3,10.0,48.3,2019-07-02 23:21:10
171170317010013,11,16,466,0,15.5,74.7741935483871,2019-07-02 23:21:09
171170317010013,12,11,466,1,16.0,51.1875,2019-07-02 23:21:09
171170317010013,31,33,671,5,3.0,24.0,2019-07-02 23:21:09
171170317010013,32,12,335,2,10.0,49.6,2019-07-02 23:21:09
171170317010013,11,18,698,0,15.0,68.43333333333334,2019-07-02 23:21:08
171170317010013,12,0,612,1,14.5,55.620689655172406,2019-07-02 23:21:08
171170317010013,32,46,314,0,14.5,50.0,2019-07-02 23:21:08
171170317010013,31,0,1000,2,3.0,63.0,2019-07-02 23:21:08
171170317010013,11,22,632,0,9.0,80.0,2019-07-02 23:21:07
171170317010013,12,0,807,0,4.5,73.33333333333333,2019-07-02 23:21:07
171170317010013,31,0,835,0,2.0,33.0,2019-07-02 23:21:07
171170317010013,32,22,354,1,10.0,45.6,2019-07-02 23:21:07
171170317010013,11,31,350,0,19.5,72.12820512820512,2019-07-02 23:21:06
171170317010013,12,0,780,0,11.0,62.36363636363637,2019-07-02 23:21:06
171170317010013,31,0,1000,3,3.0,35.0,2019-07-02 23:21:06
171170317010013,32,16,583,1,6.5,40.384615384615394,2019-07-02 23:21:06
171170317010013,11,0,965,0,6.0,77.0,2019-07-02 23:21:06
171170317010013,12,0,687,0,13.0,58.615384615384606,2019-07-02 23:21:06
171170317010013,31,0,1000,0,1.0,90.0,2019-07-02 23:21:06
171170317010013,32,0,439,1,16.5,41.96969696969697,2019-07-02 23:21:06
171170317010013,11,0,997,0,8.0,71.0,2019-07-02 23:21:05
171170317010013,12,0,537,1,14.5,53.620689655172406,2019-07-02 23:21:05
171170317010013,31,20,686,3,5.0,44.0,2019-07-02 23:21:05
171170317010013,32,27,280,1,20.5,34.512195121951216,2019-07-02 23:21:05
171170317010013,11,57,519,0,7.0,88.0,2019-07-02 23:21:04
171170317010013,12,25,433,0,13.0,56.46153846153846,2019-07-02 23:21:04
171170317010013,31,0,1144,0,2.0,40.0,2019-07-02 23:21:04
171170317010013,32,30,280,1,18.0,41.66666666666666,2019-07-02 23:21:04
171170317010013,11,30,454,0,10.0,77.0,2019-07-02 23:21:03
171170317010013,12,33,489,1,24.0,60.66666666666666,2019-07-02 23:21:03
171170317010013,31,0,802,5,7.0,52.0,2019-07-02 23:21:03
171170317010013,32,23,262,1,20.5,41.24390243902439,2019-07-02 23:21:03
171170317010013,11,33,640,0,6.0,77.0,2019-07-02 23:21:02
171170317010013,31,0,1000,3,4.0,26.0,2019-07-02 23:21:02
171170317010013,12,30,590,0,13.5,63.96296296296296,2019-07-02 23:21:02
171170317010013,32,22,301,0,15.0,32.8,2019-07-02 23:21:02
171170317010013,11,11,580,0,9.0,78.0,2019-07-02 23:21:02
171170317010013,12,25,647,0,11.0,62.27272727272727,2019-07-02 23:21:02
171170317010013,31,0,1000,1,1.0,18.0,2019-07-02 23:21:02
171170317010013,32,33,440,2,6.5,45.384615384615394,2019-07-02 23:21:02
171170317010013,11,37,558,0,8.0,76.0,2019-07-02 23:21:01
171170317010013,31,0,0,0,0.0,,2019-07-02 23:21:01
171170317010013,12,0,672,0,9.0,58.0,2019-07-02 23:21:01
171170317010013,32,20,550,0,8.0,34.5,2019-07-02 23:21:01
171170317010013,11,33,671,0,6.5,77.84615384615384,2019-07-02 23:21:00
171170317010013,12,12,567,0,14.0,59.28571428571429,2019-07-02 23:21:00
171170317010013,31,0,1000,1,3.0,26.0,2019-07-02 23:21:00
171170317010013,32,14,418,0,10.5,34.333333333333336,2019-07-02 23:21:00
171170317010013,11,25,647,0,11.0,69.18181818181819,2019-07-02 23:20:59
171170317010013,12,16,715,0,6.0,67.33333333333333,2019-07-02 23:20:59
171170317010013,31,14,549,2,7.0,35.0,2019-07-02 23:20:59
171170317010013,32,11,325,0,12.5,38.64,2019-07-02 23:20:59
171170317010013,11,0,821,0,3.0,79.0,2019-07-02 23:20:58
171170317010013,12,0,688,0,12.0,65.0,2019-07-02 23:20:58
171170317010013,31,0,47,1,1.0,10.0,2019-07-02 23:20:58
171170317010013,32,14,425,2,8.0,49.5,2019-07-02 23:20:58
171170317010013,12,0,722,1,16.5,59.18181818181818,2019-07-02 23:20:58
171170317010013,11,20,495,0,10.0,79.0,2019-07-02 23:20:58
171170317010013,31,0,614,3,3.0,13.333333333333336,2019-07-02 23:20:58
171170317010013,32,25,396,1,14.5,34.10344827586207,2019-07-02 23:20:58
171170317010013,11,14,663,0,7.0,77.0,2019-07-02 23:20:57
171170317010013,12,0,923,0,8.5,63.941176470588225,2019-07-02 23:20:57
171170317010013,31,0,1000,1,3.0,28.0,2019-07-02 23:20:57
171170317010013,32,0,463,0,9.0,46.555555555555564,2019-07-02 23:20:57
171170317010013,11,0,973,0,4.0,80.0,2019-07-02 23:20:56
171170317010013,12,0,725,0,10.0,53.0,2019-07-02 23:20:56
171170317010013,31,0,0,0,0.0,,2019-07-02 23:20:56
171170317010013,32,33,448,0,12.5,36.16,2019-07-02 23:20:56
171170317010013,11,33,609,0,6.0,75.33333333333333,2019-07-02 23:20:55
171170317010013,12,0,652,1,13.0,44.96153846153846,2019-07-02 23:20:55
171170317010013,31,33,467,0,6.0,38.0,2019-07-02 23:20:55
171170317010013,32,22,368,1,18.5,30.27027027027027,2019-07-02 23:20:55
171170317010013,11,0,792,0,3.0,76.0,2019-07-02 23:20:54
171170317010013,12,25,660,0,4.0,67.75,2019-07-02 23:20:54
171170317010013,31,0,0,0,0.0,,2019-07-02 23:20:54
171170317010013,32,25,688,0,4.5,48.33333333333334,2019-07-02 23:20:54
171170317010013,11,33,537,0,6.0,83.0,2019-07-02 23:20:53
171170317010013,12,22,409,0,11.0,69.36363636363636,2019-07-02 23:20:53
171170317010013,31,0,57,1,1.0,3.0,2019-07-02 23:20:53
171170317010013,32,0,793,0,4.0,33.75,2019-07-02 23:20:53
171170317010013,11,33,687,0,6.0,78.0,2019-07-02 23:20:53
171170317010013,31,0,763,5,4.0,12.0,2019-07-02 23:20:53
171170317010013,12,16,707,0,11.0,60.09090909090909,2019-07-02 23:20:53
171170317010013,32,0,427,2,8.5,41.882352941176464,2019-07-02 23:20:53
171170317010013,11,0,1000,0,3.0,84.0,2019-07-02 23:20:52
171170317010013,12,0,733,0,13.0,63.07692307692307,2019-07-02 23:20:52
171170317010013,31,0,1000,1,2.0,64.0,2019-07-02 23:20:52
171170317010013,32,0,506,0,9.0,34.77777777777778,2019-07-02 23:20:52
171170317010013,11,0,688,0,4.0,76.0,2019-07-02 23:20:51
171170317010013,12,0,749,0,9.0,62.77777777777778,2019-07-02 23:20:51
171170317010013,31,0,1000,3,2.0,41.0,2019-07-02 23:20:51
171170317010013,32,0,454,1,6.0,29.0,2019-07-02 23:20:51
